<?xml version="1.0" encoding="UTF-8" standalone="yes"?>
<addon id="service.minidlna"
       name="MiniDLNA (ReadyMedia)"
       version="9.0.101"
       provider-name="Team LibreELEC">
  <requires>
    <import addon="os.libreelec.tv" version="9.0"/>
    <import addon="xbmc.python" version="2.1.0"/>

  </requires>
  <extension point="xbmc.service" library="default.py">
    <provides></provides>
  </extension>
  <extension point="xbmc.addon.metadata">
    <summary>MiniDLNA (ReadyMedia): a fully compliant DLNA/UPnP-AV server</summary>
    <description>
MiniDLNA (1.2.1+2018-05-04) (ReadyMedia) is a media server, with the aim of being fully compliant with DLNA/UPnP-AV clients.
    </description>
    <disclaimer>

    </disclaimer>
    <platform>all</platform>
    <news>
101
- update to 1.2.1+2018-05-04

100
- initial LibreELEC version
    </news>
    <assets>
      <icon>resources/icon.png</icon>
      <fanart>resources/fanart.png</fanart>

    </assets>
  </extension>
</addon>
