<?xml version="1.0" encoding="UTF-8"?>
<addon id="game.libretro.mame2003_plus" name="Arcade (MAME 2003-Plus)" version="0.0.1.14.100" provider-name="Libretro">
  <requires>
    <import addon="game.libretro" version="1.0.0"/>
  </requires>
  <extension point="kodi.gameclient" library_linux="game.libretro.mame2003_plus.so">
    <platforms/>
    <extensions>zip</extensions>
    <supports_vfs>false</supports_vfs>
    <supports_standalone>false</supports_standalone>
  </extension>
  <extension point="xbmc.addon.metadata">
    <summary lang="en_GB">Arcade (MAME 2003-Plus)</summary>
    <description lang="en_GB">Supported files: .zip</description>
    <license>MAME Noncommercial</license>
    <platform/>
    <source>https://github.com/kodi-game/game.libretro.mame2003_plus</source>
  </extension>
</addon>
