<?xml version="1.0" encoding="UTF-8" standalone="yes"?>
<addon id="virtual.rpi-tools"
       name="Raspberry Pi Tools"
       version="9.0.105"
       provider-name="Team LibreELEC">
  <requires>
    <import addon="os.libreelec.tv" version="9.0"/>
    <import addon="xbmc.python" version="2.1.0"/>

  </requires>
  <extension point="xbmc.python.script" library="default.py" />
  <extension point="xbmc.python.module" library="lib/">
  </extension>
  <extension point="xbmc.addon.metadata">
    <summary>A bundle of tools and programs for use on the Raspberry Pi</summary>
    <description>
This bundle currently includes RPi.GPIO, picamera, gpiozero lan951x-led-ctl
    </description>
    <disclaimer>

    </disclaimer>
    <platform>all</platform>
    <news>
105
- Update gpiozero to 1.4.1
- Update picamera to 1.13
- Update RPi.GPIO to 0.6.3

104
- Add lan951x-led-ctl to control LEDs connected to LAN9512/LAN9514

103
- Rebuild

102
- Move Adafruit modules to adafruit-libraries

101
- Add Adafruit python modules (LED_Backpack, GPIO, PureIO)

100
- Initial Release
    </news>
    <assets>
      <icon>resources/icon.png</icon>
      <fanart>resources/fanart.png</fanart>

    </assets>
  </extension>
</addon>
