<?xml version="1.0" encoding="UTF-8" standalone="yes"?>
<addon id="service.system.dispmanx_vnc"
       name="Raspberry Pi VNC"
       version="9.0.106"
       provider-name="Anton Voyl (awiouy)">
  <requires>
    <import addon="os.libreelec.tv" version="9.0"/>
    <import addon="xbmc.python" version="2.1.0"/>

  </requires>
  <extension point="xbmc.service" library="default.py">
    <provides></provides>
  </extension>
  <extension point="xbmc.addon.metadata">
    <summary>Raspberry Pi VNC: a Virtual Network Computing server for Raspberry Pi</summary>
    <description>
Raspberry Pi VNC (2018-08-18) is a Virtual Network Computing (VNC) server for Raspberry Pi using dispmanx
    </description>
    <disclaimer>

    </disclaimer>
    <platform>all</platform>
    <news>
106
- Fix versioning

105
- Update to 5bde54b

104
- Force build against systemd

103
- Update to 77b33a6

102
- Build with Linux 4.7 RPi libraries

101
- Move settings to Kodi

100
- Initial addon
    </news>
    <assets>
      <icon>resources/icon.png</icon>
      <fanart>resources/fanart.png</fanart>

    </assets>
  </extension>
</addon>
